{"config_name": "clock_0days",
 "long": {"backwards_tp": true,
          "delay_between_fills_minutes_close": 475.6937666704499,
          "delay_between_fills_minutes_entry": 35.03399835298798,
          "delay_weight_close": 3.9257666340495776,
          "delay_weight_entry": 72.26840237217043,
          "ema_dist_close": 0.012172682585790113,
          "ema_dist_entry": 0.020629137329911274,
          "ema_span_0": 195.47343773021615,
          "ema_span_1": 574.4945359438069,
          "enabled": true,
          "markup_range": 0.17054204846338394,
          "min_markup": 0.08667889952275644,
          "n_close_orders": 46,
          "qty_pct_close": 0.09460460631846389,
          "qty_pct_entry": 0.04233982418845743,
          "wallet_exposure_limit": 0.75,
          "we_multiplier_close": 55.14043594243531,
          "we_multiplier_entry": 86.82807913538949},
 "short": {"backwards_tp": true,
           "delay_between_fills_minutes_close": 134.04148725142534,
           "delay_between_fills_minutes_entry": 61.65609843344308,
           "delay_weight_close": 33.391318782926426,
           "delay_weight_entry": 4.3781209816491415,
           "ema_dist_close": 0.0007443191337225263,
           "ema_dist_entry": 0.009812572305102378,
           "ema_span_0": 500,
           "ema_span_1": 582.2319773960464,
           "enabled": true,
           "markup_range": 0.14919500683886963,
           "min_markup": 0.008483600676021299,
           "n_close_orders": 17,
           "qty_pct_close": 0.3088503667398592,
           "qty_pct_entry": 0.016393796895696658,
           "wallet_exposure_limit": 0.5,
           "we_multiplier_close": 50.25376433244544,
           "we_multiplier_entry": 22.53410065655117}}