{"config_name": "clock_0days",
 "long": {"backwards_tp": true,
          "delay_between_fills_minutes_close": 45.35210067408171,
          "delay_between_fills_minutes_entry": 105.14757796105476,
          "delay_weight_close": 77.990309546841,
          "delay_weight_entry": 37.728906719035216,
          "ema_dist_close": -0.008176000056853684,
          "ema_dist_entry": 0.01506162976299917,
          "ema_span_0": 322.087380842858,
          "ema_span_1": 663.1452723354163,
          "enabled": true,
          "markup_range": 0.01610545990388882,
          "min_markup": 0.07433802791135054,
          "n_close_orders": 4,
          "qty_pct_close": 0.32800097457944605,
          "qty_pct_entry": 0.09470336380819315,
          "wallet_exposure_limit": 0.75,
          "we_multiplier_close": 2.5183266058884666,
          "we_multiplier_entry": 91.44983438572714},
 "short": {"backwards_tp": true,
           "delay_between_fills_minutes_close": 137.6119420876287,
           "delay_between_fills_minutes_entry": 21.498883327540973,
           "delay_weight_close": 96.3618031157742,
           "delay_weight_entry": 26.841498928796394,
           "ema_dist_close": 0.01,
           "ema_dist_entry": 0.02,
           "ema_span_0": 133.64881162244126,
           "ema_span_1": 684.5955465838892,
           "enabled": true,
           "markup_range": 0.0036056071384476264,
           "min_markup": 0.05738888868633346,
           "n_close_orders": 14,
           "qty_pct_close": 0.018548667864801745,
           "qty_pct_entry": 0.11124291075729124,
           "wallet_exposure_limit": 0.5,
           "we_multiplier_close": 0.06252510455294302,
           "we_multiplier_entry": 76.58841966999601}}