{"config_name": "clock_0days",
 "long": {"backwards_tp": true,
          "delay_between_fills_minutes_close": 14.6200610271303,
          "delay_between_fills_minutes_entry": 103.68443657667588,
          "delay_weight_close": 62.22352119526764,
          "delay_weight_entry": 53.950524099554826,
          "ema_dist_close": 0.01686142017871382,
          "ema_dist_entry": 0.021625588412158166,
          "ema_span_0": 166.3183536212865,
          "ema_span_1": 717.6639822843939,
          "enabled": true,
          "markup_range": 0.07293002113737165,
          "min_markup": 0.08097858801261078,
          "n_close_orders": 26,
          "qty_pct_close": 1.0,
          "qty_pct_entry": 0.10477209933976839,
          "wallet_exposure_limit": 0.83,
          "we_multiplier_close": 11.367769586495296,
          "we_multiplier_entry": 72.91796704810879},
 "short": {"backwards_tp": true,
           "delay_between_fills_minutes_close": 45.79749780518892,
           "delay_between_fills_minutes_entry": 34.57782138406174,
           "delay_weight_close": 21.433240695293687,
           "delay_weight_entry": 22.561241403082644,
           "ema_dist_close": 0.018358012565322962,
           "ema_dist_entry": 0.016889139511736734,
           "ema_span_0": 187.02355291063716,
           "ema_span_1": 704.72238249095,
           "enabled": true,
           "markup_range": 0.06616803511788968,
           "min_markup": 0.027392808438244067,
           "n_close_orders": 90,
           "qty_pct_close": 0.4518282053142814,
           "qty_pct_entry": 0.09468872476706244,
           "wallet_exposure_limit": 0.5,
           "we_multiplier_close": 12.123792411739398,
           "we_multiplier_entry": 91.28265646777203}}