{"config_name": "clock_0days",
 "long": {"backwards_tp": true,
          "delay_between_fills_minutes_close": 158.87962954667807,
          "delay_between_fills_minutes_entry": 130.9176036616164,
          "delay_weight_close": 2.5601266883290785,
          "delay_weight_entry": 3.063331411045875,
          "ema_dist_close": -5.82541785662527e-05,
          "ema_dist_entry": 0.0169666456446688,
          "ema_span_0": 116.78005638990224,
          "ema_span_1": 720,
          "enabled": true,
          "markup_range": 0.1,
          "min_markup": 0.015340296100758502,
          "n_close_orders": 20,
          "qty_pct_close": 1.0,
          "qty_pct_entry": 1.0,
          "wallet_exposure_limit": 0.75,
          "we_multiplier_close": 1.8689517542666714,
          "we_multiplier_entry": 70.84951400756322},
 "short": {"backwards_tp": true,
           "delay_between_fills_minutes_close": 64.11363758850928,
           "delay_between_fills_minutes_entry": 75.22690275152523,
           "delay_weight_close": 50.7071478502198,
           "delay_weight_entry": 83.97635845869817,
           "ema_dist_close": 0.014899936967311515,
           "ema_dist_entry": 0.018851718278445607,
           "ema_span_0": 217.70566986100033,
           "ema_span_1": 618.8931682830133,
           "enabled": true,
           "markup_range": 0.09231903549775967,
           "min_markup": 0.06039495212867382,
           "n_close_orders": 48,
           "qty_pct_close": 0.044416085331226256,
           "qty_pct_entry": 0.01,
           "wallet_exposure_limit": 0.5,
           "we_multiplier_close": 7.315035842524548,
           "we_multiplier_entry": 71.91896492950725}}