{"config_name": "clock_0days",
 "long": {"backwards_tp": true,
          "delay_between_fills_minutes_close": 163.91820788564453,
          "delay_between_fills_minutes_entry": 158.70273448759943,
          "delay_weight_close": 55.83873208857135,
          "delay_weight_entry": 41.00796905077273,
          "ema_dist_close": -0.010122559468944038,
          "ema_dist_entry": 0.01742369020230631,
          "ema_span_0": 289.98788632975936,
          "ema_span_1": 441.2000481991925,
          "enabled": true,
          "markup_range": 0.06129182420802143,
          "min_markup": 0.03804668609723675,
          "n_close_orders": 15,
          "qty_pct_close": 0.24426186940675323,
          "qty_pct_entry": 0.8649599350718576,
          "wallet_exposure_limit": 0.75,
          "we_multiplier_close": 2.935088632928849,
          "we_multiplier_entry": 99.78729415005822},
 "short": {"backwards_tp": true,
           "delay_between_fills_minutes_close": 171.71287866563455,
           "delay_between_fills_minutes_entry": 357.06302898069424,
           "delay_weight_close": 7.869796438714854,
           "delay_weight_entry": 26.310800049578113,
           "ema_dist_close": 0.00659590370303937,
           "ema_dist_entry": -0.09908157905144188,
           "ema_span_0": 10,
           "ema_span_1": 393.69102344573446,
           "enabled": true,
           "markup_range": 0.010671085474290435,
           "min_markup": 0.06274391979661935,
           "n_close_orders": 13,
           "qty_pct_close": 0.01,
           "qty_pct_entry": 0.01,
           "wallet_exposure_limit": 0.5,
           "we_multiplier_close": 2.240281593860388,
           "we_multiplier_entry": 19.82907970818391}}