{"config_name": "clock_0days",
 "long": {"backwards_tp": true,
          "delay_between_fills_minutes_close": 41.35565678295957,
          "delay_between_fills_minutes_entry": 145.74616581195627,
          "delay_weight_close": 45.708303743004315,
          "delay_weight_entry": 39.62788550549495,
          "ema_dist_close": 0.01414708413451922,
          "ema_dist_entry": 0.03243736819871008,
          "ema_span_0": 199.04512359296726,
          "ema_span_1": 543.4952410851645,
          "enabled": true,
          "markup_range": 0.02619214912591693,
          "min_markup": 0.03911638776260302,
          "n_close_orders": 1,
          "qty_pct_close": 0.830394200633694,
          "qty_pct_entry": 1.0,
          "wallet_exposure_limit": 0.83,
          "we_multiplier_close": 7.433911522446921,
          "we_multiplier_entry": 43.063159340357984},
 "short": {"backwards_tp": true,
           "delay_between_fills_minutes_close": 88.5116163718864,
           "delay_between_fills_minutes_entry": 32.655800235644136,
           "delay_weight_close": 1.5554323739499807,
           "delay_weight_entry": 79.24933398878929,
           "ema_dist_close": -0.03454935445966198,
           "ema_dist_entry": 0.036824765532114806,
           "ema_span_0": 157.72386771136433,
           "ema_span_1": 207.2415781350279,
           "enabled": true,
           "markup_range": 0.07724009374286014,
           "min_markup": 0.08158553813359987,
           "n_close_orders": 71,
           "qty_pct_close": 1.0,
           "qty_pct_entry": 0.5683275984061418,
           "wallet_exposure_limit": 0.5,
           "we_multiplier_close": 16.54555516016828,
           "we_multiplier_entry": 48.74725335948151}}