{"config_name": "clock_0days",
 "long": {"backwards_tp": true,
          "delay_between_fills_minutes_close": 137.4310110042681,
          "delay_between_fills_minutes_entry": 453.80115539283884,
          "delay_weight_close": 97.43554321562951,
          "delay_weight_entry": 24.600221755626055,
          "ema_dist_close": 0.01,
          "ema_dist_entry": 0.014816084981417002,
          "ema_span_0": 10,
          "ema_span_1": 80.49776452500413,
          "enabled": true,
          "markup_range": 0.08312846036412849,
          "min_markup": 0.028341821638609405,
          "n_close_orders": 16,
          "qty_pct_close": 0.7470620383685953,
          "qty_pct_entry": 1.0,
          "wallet_exposure_limit": 1.0,
          "we_multiplier_close": 9.282529961494143,
          "we_multiplier_entry": 75.2173590190769},
 "short": {"backwards_tp": true,
           "delay_between_fills_minutes_close": 180,
           "delay_between_fills_minutes_entry": 765.2891201311559,
           "delay_weight_close": 99.58317415723066,
           "delay_weight_entry": 94.33576870296596,
           "ema_dist_close": -0.1,
           "ema_dist_entry": -0.08243896773764753,
           "ema_span_0": 184.99355492566374,
           "ema_span_1": 218.04582171240492,
           "enabled": true,
           "markup_range": 0.031117247010530626,
           "min_markup": 0.027963713780229348,
           "n_close_orders": 8,
           "qty_pct_close": 0.2551678664840263,
           "qty_pct_entry": 0.011206666904498138,
           "wallet_exposure_limit": 1.0,
           "we_multiplier_close": 1.8153895703968927,
           "we_multiplier_entry": 61.86171663337295}}